"ID","Text","Language","Type","Author Name","Author Username","View Count","Reply Count","Retweet Count","Quote Count","Favorite Count","Bookmark Count","Created At","Tweet URL","Source","Hashtags","URLs","Media Type","Media URLs"
"2024205851431490005","Clavicular knew he got DANCEMOGGED beyond redemption after the NYC ASIAN MOGGER used his ultimate move the “KIM JONG GROOVE” 🤯💔 https://t.co/nOMUGEhMm9","en","Tweet","Clavicular Updates","Clav0Updates","19130","12","14","0","369","56","2026-02-18 14:34:17","https://x.com/Clav0Updates/status/2024205851431490005","<a href=""http://twitter.com/download/iphone"" rel=""nofollow"">Twitter for iPhone</a>","","","video","https://video.twimg.com/amplify_video/2024204654121279488/vid/avc1/1280x716/ByewkOHOEGxMgwqR.mp4?tag=21"
"2024203683500556610","@Clavicular0 https://t.co/LBhQkPXhdZ","qme","Reply","Clavicular Updates","Clav0Updates","2772","0","0","0","59","1","2026-02-18 14:25:40","https://x.com/Clav0Updates/status/2024203683500556610","<a href=""http://twitter.com/download/iphone"" rel=""nofollow"">Twitter for iPhone</a>","","","animated_gif","https://video.twimg.com/tweet_video/HBdqhTDWwAAtWA4.mp4"
"2024185092936257735","@sneako https://t.co/SycQVp9I3r","qme","Reply","Clavicular Updates","Clav0Updates","7541","9","9","2","331","35","2026-02-18 13:11:48","https://x.com/Clav0Updates/status/2024185092936257735","<a href=""http://twitter.com/download/iphone"" rel=""nofollow"">Twitter for iPhone</a>","","","video","https://video.twimg.com/amplify_video/2024185035528523776/vid/avc1/1280x720/HBERt1fsZpHQAjxi.mp4?tag=21"
"2024181403919786127","Clavicular tells Piers Morgan if he ASCENDED his wife wouldn’t C*CK him 💀 https://t.co/hvntM05m1o","en","Tweet","Clavicular Updates","Clav0Updates","666121","188","439","87","9832","1858","2026-02-18 12:57:08","https://x.com/Clav0Updates/status/2024181403919786127","<a href=""http://twitter.com/download/iphone"" rel=""nofollow"">Twitter for iPhone</a>","","","video","https://video.twimg.com/amplify_video/2024180872732155904/vid/avc1/1280x720/MNO1a8iEEWw6yH3F.mp4?tag=21"
"2024180101303194004","Clavicular goes OFF on Piers Morgan after he started talking about ‘Clubocaust’ and PRESSES Piers for allegedly being on the island 💀

“Why the f*ck would you go to that island” https://t.co/kUIL8sxAEm","en","Tweet","Clavicular Updates","Clav0Updates","14326","16","20","0","418","68","2026-02-18 12:51:58","https://x.com/Clav0Updates/status/2024180101303194004","<a href=""http://twitter.com/download/iphone"" rel=""nofollow"">Twitter for iPhone</a>","","","video","https://video.twimg.com/amplify_video/2024179311637307392/vid/avc1/1280x720/DZJLKFTFwD-SFTTZ.mp4?tag=21"
"2024179275373449260","Clavicular DEFENDS Nick Fuentes saying he’s a v*thin on Piers Morgan and questions if he would try and ask that same question if he was interviewing someone from the Islamic faith 😳 https://t.co/uTLEzwnPNA","en","Tweet","Clavicular Updates","Clav0Updates","64176","24","54","2","1469","314","2026-02-18 12:48:41","https://x.com/Clav0Updates/status/2024179275373449260","<a href=""http://twitter.com/download/iphone"" rel=""nofollow"">Twitter for iPhone</a>","","","video","https://video.twimg.com/amplify_video/2024178623771459584/vid/avc1/1280x720/AreeK-qnutBfgzOH.mp4?tag=21"
"2024176727975514486","Clavicular explains to Piers Morgan what being on a diet means 😭
 https://t.co/QAVsfu9Ssg","en","Tweet","Clavicular Updates","Clav0Updates","14769","10","13","0","337","63","2026-02-18 12:38:33","https://x.com/Clav0Updates/status/2024176727975514486","<a href=""http://twitter.com/download/iphone"" rel=""nofollow"">Twitter for iPhone</a>","","","video","https://video.twimg.com/amplify_video/2024176016504020992/vid/avc1/1280x720/0I7PFctJMvj8StSc.mp4?tag=21"
"2024008652080742841","Brianna Chickenfry questions why Logan Paul &amp; Mike Maljak haven’t had Clavicular on his podcast yet and they start talking about the historical Framemogging incident that took place in Asu 😮👀 

“Where were you when Clav got brutally framemogged” https://t.co/1DqHN9BI9i","en","Tweet","Clavicular Updates","Clav0Updates","60911","8","7","2","657","148","2026-02-18 01:30:41","https://x.com/Clav0Updates/status/2024008652080742841","<a href=""http://twitter.com/download/iphone"" rel=""nofollow"">Twitter for iPhone</a>","","","video","https://video.twimg.com/amplify_video/2023991883224281090/vid/avc1/1268x720/rFNxunMnzc_HgiPf.mp4?tag=21"
"2023979492620788108","Clavicular tells Adam Friedland that Doctors are COPE &amp; says that being a doctor will never elevate you the same way looks would 😭👀

“…just to make a wage that’s not really going to beat any sort of looks disparity” https://t.co/Z8yURlgVix","en","Tweet","Clavicular Updates","Clav0Updates","24512","8","5","0","352","67","2026-02-17 23:34:49","https://x.com/Clav0Updates/status/2023979492620788108","<a href=""http://twitter.com/download/iphone"" rel=""nofollow"">Twitter for iPhone</a>","","","video","https://video.twimg.com/amplify_video/2023977799086735360/vid/avc1/974x720/TKMYGxcPsStbQ7RQ.mp4?tag=21"
"2023972755700367646","Clavicular made ASU frat leader Varis REPENT for his brutal FRAMEMOG by bringing him to Miami and making him sit in silence while Clav JESTERMAXXED 😳😭
 https://t.co/7bIgvwIbwS","en","Tweet","Clavicular Updates","Clav0Updates","10429","6","17","0","583","117","2026-02-17 23:08:03","https://x.com/Clav0Updates/status/2023972755700367646","<a href=""http://twitter.com/download/iphone"" rel=""nofollow"">Twitter for iPhone</a>","","","video","https://video.twimg.com/amplify_video/2023971440505352192/vid/avc1/1280x720/bJRbYfGD980Y265Y.mp4?tag=21"
"2023972433670107522","@Pulcys no way he followed him to Miami","en","Reply","Clavicular Updates","Clav0Updates","104","0","0","0","1","0","2026-02-17 23:06:46","https://x.com/Clav0Updates/status/2023972433670107522","<a href=""http://twitter.com/download/iphone"" rel=""nofollow"">Twitter for iPhone</a>","","","",""
"2023961146642907376","Clavicular successfully LOOKSMAXXES a homeless person, raising him a full 1 PSL 👀🔥 https://t.co/8XS5PQdSKY","en","Tweet","Clavicular Updates","Clav0Updates","29086","11","18","1","729","83","2026-02-17 22:21:55","https://x.com/Clav0Updates/status/2023961146642907376","<a href=""http://twitter.com/download/iphone"" rel=""nofollow"">Twitter for iPhone</a>","","","video","https://video.twimg.com/amplify_video/2023960556571381761/vid/avc1/1280x720/WlmbbIiB9blzzlZo.mp4?tag=21"
"2023948495518847429","@jt0hny stacymaxx","pl","Reply","Clavicular Updates","Clav0Updates","137","1","0","0","0","0","2026-02-17 21:31:39","https://x.com/Clav0Updates/status/2023948495518847429","<a href=""http://twitter.com/download/iphone"" rel=""nofollow"">Twitter for iPhone</a>","","","",""
"2023923158559191369","Clavicular was DYING after this homeless guy randomly started DISSING N3ON 😭 https://t.co/5GbwAvndc8","en","Tweet","Clavicular Updates","Clav0Updates","92634","45","70","4","2830","431","2026-02-17 19:50:58","https://x.com/Clav0Updates/status/2023923158559191369","<a href=""http://twitter.com/download/iphone"" rel=""nofollow"">Twitter for iPhone</a>","","","video","https://video.twimg.com/amplify_video/2023922630043312128/vid/avc1/1280x720/ovo-AL3ldB25AqAs.mp4?tag=21"
"2023921412344308103","@Sneak0o https://t.co/tJjvffCchT","qme","Reply","Clavicular Updates","Clav0Updates","10528","0","2","0","192","4","2026-02-17 19:44:02","https://x.com/Clav0Updates/status/2023921412344308103","<a href=""http://twitter.com/download/iphone"" rel=""nofollow"">Twitter for iPhone</a>","","","animated_gif","https://video.twimg.com/tweet_video/HBZpy7AbcAAaZLN.mp4"
"2023919305872584822","This homeless guy was in utter shock after Clavicular asked if he partakes in JESTERGO*NING 💀

“to quote Rakai here… do you be beatin yo shi”  https://t.co/BlhskYQZjR","en","Tweet","Clavicular Updates","Clav0Updates","38481","19","11","1","688","108","2026-02-17 19:35:39","https://x.com/Clav0Updates/status/2023919305872584822","<a href=""http://twitter.com/download/iphone"" rel=""nofollow"">Twitter for iPhone</a>","","","video","https://video.twimg.com/amplify_video/2023918555931217920/vid/avc1/1280x720/8Fj8cpjiTDbCXDt7.mp4?tag=21"
"2023915722074976721","Clavicular was SPEECHLESS after he walked in to see one of the workers WATCHING HIS PODCAST 😳👀 https://t.co/LyIMaZS5cA","en","Tweet","Clavicular Updates","Clav0Updates","29666","8","9","0","454","62","2026-02-17 19:21:25","https://x.com/Clav0Updates/status/2023915722074976721","<a href=""http://twitter.com/download/iphone"" rel=""nofollow"">Twitter for iPhone</a>","","","video","https://video.twimg.com/amplify_video/2023915193135140866/vid/avc1/1280x720/uOExM-6CMA15C1Ih.mp4?tag=21"
"2023914039773196421","Clavicular was SHOCKED after the homeless guy he was going to looksmaxx said that he was a FAN 😭 https://t.co/gIwUcwGFCJ","en","Tweet","Clavicular Updates","Clav0Updates","42590","15","18","3","770","125","2026-02-17 19:14:44","https://x.com/Clav0Updates/status/2023914039773196421","<a href=""http://twitter.com/download/iphone"" rel=""nofollow"">Twitter for iPhone</a>","","","video","https://video.twimg.com/amplify_video/2023913408027127810/vid/avc1/1280x720/9d3lB5XLXkP9PGbM.mp4?tag=21"
"2023900788821569993","Clavicular reacts to TWITCH STREAMERS finally reacting to him after they tried BLACKBALLING him  

“What choice do you have motherf*cker” https://t.co/VCFQsuZ0k9","en","Tweet","Clavicular Updates","Clav0Updates","36613","9","13","1","860","93","2026-02-17 18:22:04","https://x.com/Clav0Updates/status/2023900788821569993","<a href=""http://twitter.com/download/iphone"" rel=""nofollow"">Twitter for iPhone</a>","","","video","https://video.twimg.com/amplify_video/2023900064695889920/vid/avc1/1280x720/eZwvWy8uW4WkWZim.mp4?tag=21"
"2023896791100403882","Clavicular gifted his security guard Joe a ROLEX after being walking away with  $15k from a failed hit piece interview 👀❤️‍🩹 

(Via @Kick_Champ ) https://t.co/totdM0OKz7","en","Tweet","Clavicular Updates","Clav0Updates","491915","100","122","12","5960","592","2026-02-17 18:06:11","https://x.com/Clav0Updates/status/2023896791100403882","<a href=""http://twitter.com/download/iphone"" rel=""nofollow"">Twitter for iPhone</a>","","","video","https://video.twimg.com/amplify_video/2023895814486323201/vid/avc1/1440x1080/7ZFQlNL23GHFIDn9.mp4?tag=21"
"2023892892801224944","Brianna Chickenfry &amp; Logan Paul give Clavicular props for TAKING OVER the internet and Briana reveals that Clav was actually her SECURITY GUARD when he was 17 years old 🔥👀

“He was my security guard 3 years ago…” https://t.co/vt6YQdCjkv","en","Tweet","Clavicular Updates","Clav0Updates","733160","53","43","8","2576","868","2026-02-17 17:50:42","https://x.com/Clav0Updates/status/2023892892801224944","<a href=""http://twitter.com/download/iphone"" rel=""nofollow"">Twitter for iPhone</a>","","","video","https://video.twimg.com/amplify_video/2023890580821229568/vid/avc1/1270x720/g6BQ4AEA6IQlMQif.mp4?tag=21"
"2023888546898264554","@Kick_Champ brutal dancepill tbh","en","Reply","Clavicular Updates","Clav0Updates","6356","0","0","0","60","0","2026-02-17 17:33:26","https://x.com/Clav0Updates/status/2023888546898264554","<a href=""http://twitter.com/download/iphone"" rel=""nofollow"">Twitter for iPhone</a>","","","",""
"2023878632989769728","Adam Friedland was ABSOLUTELY STUNNED after Clavicular said you should use your STUDENT LOANS to get PLASTIC SURGERY 😭👀

“Misappropriating the funds is really not gonna get you in that much trouble” https://t.co/TS1qnYlrFC","en","Tweet","Clavicular Updates","Clav0Updates","263504","22","88","25","3128","575","2026-02-17 16:54:02","https://x.com/Clav0Updates/status/2023878632989769728","<a href=""http://twitter.com/download/iphone"" rel=""nofollow"">Twitter for iPhone</a>","","","video","https://video.twimg.com/amplify_video/2023877727103889408/vid/avc1/982x720/3iHlnZhK7z-amPEb.mp4?tag=21"
"2023853169739264469","@Pulcys does drago know about this?","en","Reply","Clavicular Updates","Clav0Updates","458","2","0","0","17","0","2026-02-17 15:12:51","https://x.com/Clav0Updates/status/2023853169739264469","<a href=""http://twitter.com/download/iphone"" rel=""nofollow"">Twitter for iPhone</a>","","","",""
"2023852851475488776","Clavicular tells Adam Friedland his thoughts on MrBeast saying he’d be the next big streamer and shares his views on the recent TeamWater controversy 👀🔥

“people call into question the budgeting not being the greatest”
 https://t.co/LZEb9ha2lN","en","Tweet","Clavicular Updates","Clav0Updates","21322","6","6","1","246","42","2026-02-17 15:11:35","https://x.com/Clav0Updates/status/2023852851475488776","<a href=""http://twitter.com/download/iphone"" rel=""nofollow"">Twitter for iPhone</a>","","","video","https://video.twimg.com/amplify_video/2023851099526983680/vid/avc1/948x720/vh7NUMmncthgHjoO.mp4?tag=21"
"2023851488381141353","@MoreCheesur damn Cheese have some sympathy 💔💔","en","Reply","Clavicular Updates","Clav0Updates","1392","1","0","0","6","0","2026-02-17 15:06:10","https://x.com/Clav0Updates/status/2023851488381141353","<a href=""http://twitter.com/download/iphone"" rel=""nofollow"">Twitter for iPhone</a>","","","",""
"2023813756892180530","Adam Friedland was in SHOCK hearing Clavicular explain the ORIGIN of the word “mog” 😭

“Mogging is just outperforming them, looking better than them, and just sort of dominating… ” https://t.co/eTVHeTOcy6","en","Tweet","Clavicular Updates","Clav0Updates","256045","53","53","20","2209","663","2026-02-17 12:36:14","https://x.com/Clav0Updates/status/2023813756892180530","<a href=""http://twitter.com/download/iphone"" rel=""nofollow"">Twitter for iPhone</a>","","","video","https://video.twimg.com/amplify_video/2023812509199986691/vid/avc1/962x720/Z6i0D7j1GcG2qJhY.mp4?tag=21"
"2023692879151968522","Clavicular explains to Adam Friedland the origins of his rating system &amp; why facial aesthetics have been OBJECTIVE for centuries 😳👀

“a lot of it is attractiveness surveys, scientists determining the most ideal measurement… It’s all very objective” https://t.co/QSKK1pm2v4","en","Tweet","Clavicular Updates","Clav0Updates","68330","17","20","2","721","245","2026-02-17 04:35:55","https://x.com/Clav0Updates/status/2023692879151968522","<a href=""http://twitter.com/download/iphone"" rel=""nofollow"">Twitter for iPhone</a>","","","video","https://video.twimg.com/amplify_video/2023691221403574272/vid/avc1/968x720/SA8CCZumooDZ0IEn.mp4?tag=21"
"2023617841744801846","@Kaizerrev brutal","no","Reply","Clavicular Updates","Clav0Updates","1666","0","0","0","97","2","2026-02-16 23:37:45","https://x.com/Clav0Updates/status/2023617841744801846","<a href=""http://twitter.com/download/iphone"" rel=""nofollow"">Twitter for iPhone</a>","","","",""
"2023606659541856568","@MoreCheesur cheese knows best","en","Reply","Clavicular Updates","Clav0Updates","545","1","0","0","15","0","2026-02-16 22:53:19","https://x.com/Clav0Updates/status/2023606659541856568","<a href=""http://twitter.com/download/iphone"" rel=""nofollow"">Twitter for iPhone</a>","","","",""
"2023604902526611521","@jt0hny Larry wyd bro","en","Reply","Clavicular Updates","Clav0Updates","1027","0","1","0","18","0","2026-02-16 22:46:20","https://x.com/Clav0Updates/status/2023604902526611521","<a href=""http://twitter.com/download/iphone"" rel=""nofollow"">Twitter for iPhone</a>","","","",""
"2023600209029107816","Clavicular’s best friend Drago speaks about how he met Clavicular for the first time &amp; says how proud he is for all the success he’s had recently 🤞❤️‍🩹

“I’m really proud of him… He’s just a hard working individual” https://t.co/neKqhabIv6","en","Tweet","Clavicular Updates","Clav0Updates","53975","29","20","2","1150","227","2026-02-16 22:27:41","https://x.com/Clav0Updates/status/2023600209029107816","<a href=""http://twitter.com/download/iphone"" rel=""nofollow"">Twitter for iPhone</a>","","","video","https://video.twimg.com/amplify_video/2023597646628409344/vid/avc1/1280x720/hVrLAUk_by_6bkrV.mp4?tag=21"
"2023557623132668400","Adapt praises Clavicular for his recent success and starts CRASHING OUT while speaking about the captions to his clips 😭

“What are some of these new words being invented?” https://t.co/ZIubVfECrS","en","Tweet","Clavicular Updates","Clav0Updates","83073","25","20","1","1947","308","2026-02-16 19:38:27","https://x.com/Clav0Updates/status/2023557623132668400","<a href=""http://twitter.com/download/iphone"" rel=""nofollow"">Twitter for iPhone</a>","","","video","https://video.twimg.com/amplify_video/2023556123098595328/vid/avc1/720x736/ePIzdVXBNuUFESKf.mp4?tag=21"
"2023472559292059652","ASU students dedicated a MEMORIAL to Clavicular after his brutal FRAMEMOG from the ASU frat leader 🕊️😭 https://t.co/ZdxNdinAWt","en","Tweet","Clavicular Updates","Clav0Updates","42301","25","72","6","1814","134","2026-02-16 14:00:27","https://x.com/Clav0Updates/status/2023472559292059652","<a href=""http://twitter.com/download/iphone"" rel=""nofollow"">Twitter for iPhone</a>","","","video","https://video.twimg.com/amplify_video/2023464685258031105/vid/avc1/960x720/Sz7wy0DvRj_E2U6G.mp4?tag=21"
"2023444237279179250","Androgenic DEFENDS Clavicular after he was brutally FRAMEMOGGED, saying frame doesn’t matter as much because he’s focused on facial aesthetics 🤞👀
 https://t.co/FZVQZzb9Ql","en","Tweet","Clavicular Updates","Clav0Updates","18575","15","7","3","271","40","2026-02-16 12:07:54","https://x.com/Clav0Updates/status/2023444237279179250","<a href=""http://twitter.com/download/iphone"" rel=""nofollow"">Twitter for iPhone</a>","","","video","https://video.twimg.com/amplify_video/2023442975104303104/vid/avc1/720x702/sG7NV4vqxn0R_3Yq.mp4?tag=21"
"2023291562529059007","@Kick_Champ L Yap","tr","Reply","Clavicular Updates","Clav0Updates","3323","1","3","1","384","0","2026-02-16 02:01:14","https://x.com/Clav0Updates/status/2023291562529059007","<a href=""http://twitter.com/download/iphone"" rel=""nofollow"">Twitter for iPhone</a>","","","",""
"2023230409253798134","Clavicular tells Sneako how he KNEW the reporter that paid him $15k to interview him was associated with Peter Thiel &amp; questions why people continuously try tying him into politics 😮🔥
https://t.co/o1t78ZaEZc","en","Tweet","Clavicular Updates","Clav0Updates","174383","39","69","11","1346","370","2026-02-15 21:58:14","https://x.com/Clav0Updates/status/2023230409253798134","<a href=""http://twitter.com/download/iphone"" rel=""nofollow"">Twitter for iPhone</a>","","","video","https://video.twimg.com/amplify_video/2023229094058500096/vid/avc1/1280x720/36PeoNkoPTwuP23f.mp4?tag=21"
"2023224733727175119","Clavicular mentions that a content house is in the works once he’s back in Miami 

Looksmaxxers Androgenic and Zeta are rumored to be coming to Miami soon 👀
 https://t.co/1OkYORDmWq","en","Tweet","Clavicular Updates","Clav0Updates","34237","14","11","2","536","48","2026-02-15 21:35:40","https://x.com/Clav0Updates/status/2023224733727175119","<a href=""http://twitter.com/download/iphone"" rel=""nofollow"">Twitter for iPhone</a>","","","video","https://video.twimg.com/amplify_video/2023223953884672000/vid/avc1/1280x720/CdHxBYBJyUWOaUpa.mp4?tag=21"
"2023223507132293149","Clavicular KICKED OUT this JESTER reporter not even 19 minutes into their interview after exposing her for having ties to PETER THIEL 😳👀 https://t.co/FlFXunu636","en","Tweet","Clavicular Updates","Clav0Updates","364760","180","291","38","6863","1336","2026-02-15 21:30:48","https://x.com/Clav0Updates/status/2023223507132293149","<a href=""http://twitter.com/download/iphone"" rel=""nofollow"">Twitter for iPhone</a>","","","video","https://video.twimg.com/amplify_video/2023223036975980544/vid/avc1/1280x720/OPKTFWZ6RpYEDuBp.mp4?tag=21"
"2023222085623898241","@Pulcys Feds tryna infiltrate","en","Reply","Clavicular Updates","Clav0Updates","1727","1","2","0","167","1","2026-02-15 21:25:09","https://x.com/Clav0Updates/status/2023222085623898241","<a href=""http://twitter.com/download/iphone"" rel=""nofollow"">Twitter for iPhone</a>","","","",""
"2023220934669127697","Clavicular starts GOING OFF on a podcast host who tried accusing him of being associated with Peter Thiel 😳

“You’re a piece of sh*t, your a sh*t reporter… you’re working with these shady people” https://t.co/uEH8oSrCCk","en","Tweet","Clavicular Updates","Clav0Updates","512754","116","92","33","1992","654","2026-02-15 21:20:35","https://x.com/Clav0Updates/status/2023220934669127697","<a href=""http://twitter.com/download/iphone"" rel=""nofollow"">Twitter for iPhone</a>","","","video","https://video.twimg.com/amplify_video/2023219937825992704/vid/avc1/1280x720/w160b3Vpt2NJF0Pn.mp4?tag=21"
"2023196991984189687","Clavicular posts Google search trends showing that he is the most-searched public figure, ahead of people like:

- IShowSpeed
- Kai Cenat
- Charli xcx
- Kylie Jenner
- Timotheé Chalamet 

The biggest streamer in the world 👀🔥 https://t.co/WuyWfAYJ3A","en","Tweet","Clavicular Updates","Clav0Updates","16536","11","12","3","362","25","2026-02-15 19:45:26","https://x.com/Clav0Updates/status/2023196991984189687","<a href=""http://twitter.com/download/iphone"" rel=""nofollow"">Twitter for iPhone</a>","","","photo","https://pbs.twimg.com/media/HBPW8JoWUAAQoTY.jpg
https://pbs.twimg.com/media/HBPW8KHaYAAmoy7.jpg
https://pbs.twimg.com/media/HBPW8KJasAACxm3.jpg"
"2023181929366085770","@neverlie in one ear out of the other","en","Reply","Clavicular Updates","Clav0Updates","1704","0","1","0","41","0","2026-02-15 18:45:35","https://x.com/Clav0Updates/status/2023181929366085770","<a href=""http://twitter.com/download/iphone"" rel=""nofollow"">Twitter for iPhone</a>","","","",""
"2023173924515938573","Clavicular GOES OFF, saying online dating is H*LL and that women treat dating apps like a VIDEO GAME to farm attention and dopamine from men 😳💔

“You think I want to talk about your f*ckin hobbies?!” https://t.co/AiR4GNGgmz","en","Tweet","Clavicular Updates","Clav0Updates","151756","50","111","14","2285","614","2026-02-15 18:13:47","https://x.com/Clav0Updates/status/2023173924515938573","<a href=""http://twitter.com/download/iphone"" rel=""nofollow"">Twitter for iPhone</a>","","","video","https://video.twimg.com/amplify_video/2023173117066301440/vid/avc1/720x962/KE4iHLoAledtc6Jn.mp4?tag=21"
"2023157172193071529","@jt0hny minor setback","en","Reply","Clavicular Updates","Clav0Updates","8965","0","0","0","62","1","2026-02-15 17:07:12","https://x.com/Clav0Updates/status/2023157172193071529","<a href=""http://twitter.com/download/iphone"" rel=""nofollow"">Twitter for iPhone</a>","","","",""
"2023145702747193504","Clavicular officially returns to training and recruits MAX PRESTIGE MOGGER Andrew Tate to provide backup for Androgenic in World War Mog against ASU frat leader Varis 👀
 https://t.co/siZACMkWVc","en","Tweet","Clavicular Updates","Clav0Updates","16512","6","4","3","283","37","2026-02-15 16:21:38","https://x.com/Clav0Updates/status/2023145702747193504","<a href=""http://twitter.com/download/iphone"" rel=""nofollow"">Twitter for iPhone</a>","","","video","https://video.twimg.com/amplify_video/2023144561355390976/vid/avc1/720x864/7kKBcNJiw35BU_oK.mp4?tag=21"
"2023080679492464698","Clavicular was STUNNED after Andrew Tate AURAMOGGED him and left like it was a GTA 5 cutscene 😭 https://t.co/OLMCT1kxNR","en","Tweet","Clavicular Updates","Clav0Updates","253769","26","84","1","4488","767","2026-02-15 12:03:15","https://x.com/Clav0Updates/status/2023080679492464698","<a href=""http://twitter.com/download/iphone"" rel=""nofollow"">Twitter for iPhone</a>","","","video","https://video.twimg.com/amplify_video/2023079957627379712/vid/avc1/1280x718/nIL6nzq6gNSTYAg6.mp4?tag=21"
"2022912285287813345","@Kaizerrev @NickJFuentes embarrassing levels of jestermaxxing","en","Reply","Clavicular Updates","Clav0Updates","5646","1","0","0","200","2","2026-02-15 00:54:07","https://x.com/Clav0Updates/status/2022912285287813345","<a href=""http://twitter.com/download/iphone"" rel=""nofollow"">Twitter for iPhone</a>","","","",""
"2022909220266365004","@Kaizerrev Brutal 😭","no","Reply","Clavicular Updates","Clav0Updates","7603","0","0","0","79","0","2026-02-15 00:41:56","https://x.com/Clav0Updates/status/2022909220266365004","<a href=""http://twitter.com/download/iphone"" rel=""nofollow"">Twitter for iPhone</a>","","","",""
"2022905028697297040","This jester was in ABSOLUTE SHAMBLES after his girl chose Clavicular over their 1 year relationship 💔💀 https://t.co/VO17V5GGwJ","en","Tweet","Clavicular Updates","Clav0Updates","31671","42","14","6","548","134","2026-02-15 00:25:17","https://x.com/Clav0Updates/status/2022905028697297040","<a href=""http://twitter.com/download/iphone"" rel=""nofollow"">Twitter for iPhone</a>","","","video","https://video.twimg.com/amplify_video/2022904528614432768/vid/avc1/1280x720/DCJ9tLep3z_wRmz0.mp4?tag=21"
"2022900975087104162","@Kaizerrev bye bye","ht","Reply","Clavicular Updates","Clav0Updates","1706","0","0","0","76","0","2026-02-15 00:09:10","https://x.com/Clav0Updates/status/2022900975087104162","<a href=""http://twitter.com/download/iphone"" rel=""nofollow"">Twitter for iPhone</a>","","","",""
"2022874556214448251","Clavicular explains to Andrew Tate why men must ASCEND by ANY MEANS NECESSARY and gives Tate some insight into his core ideology 😮👀

“We live in a f*cked society… You have to take extraordinary steps because we live in extraordinary times” https://t.co/oUJqNuTlUB","en","Tweet","Clavicular Updates","Clav0Updates","25456","9","39","1","612","176","2026-02-14 22:24:12","https://x.com/Clav0Updates/status/2022874556214448251","<a href=""http://twitter.com/download/iphone"" rel=""nofollow"">Twitter for iPhone</a>","","","video","https://video.twimg.com/amplify_video/2022873301412966400/vid/avc1/1280x720/BDNER4zukhV23ASd.mp4?tag=21"
"2022873402240065613","@ClavicularNews movie scene","en","Reply","Clavicular Updates","Clav0Updates","2190","1","0","0","78","0","2026-02-14 22:19:36","https://x.com/Clav0Updates/status/2022873402240065613","<a href=""http://twitter.com/download/iphone"" rel=""nofollow"">Twitter for iPhone</a>","","","",""
"2022872630446186519","Andrew Tate explains to Clavicular how WOMEN &amp; the modern feminism movements have RUINED western society 😳👀 https://t.co/PI36CCIHXc","en","Tweet","Clavicular Updates","Clav0Updates","18745","20","87","7","640","215","2026-02-14 22:16:32","https://x.com/Clav0Updates/status/2022872630446186519","<a href=""http://twitter.com/download/iphone"" rel=""nofollow"">Twitter for iPhone</a>","","","video","https://video.twimg.com/amplify_video/2022871987798884352/vid/avc1/1280x720/NoOQR4_yH94bZ24I.mp4?tag=21"
"2022870378880864306","Andrew Tate explains why it’s UNACCEPTABLE to be AVERAGE and that being average was never an option during any age of history 😮🔥 https://t.co/w88gBpiD4M","en","Tweet","Clavicular Updates","Clav0Updates","11490","2","23","0","368","95","2026-02-14 22:07:36","https://x.com/Clav0Updates/status/2022870378880864306","<a href=""http://twitter.com/download/iphone"" rel=""nofollow"">Twitter for iPhone</a>","","","video","https://video.twimg.com/amplify_video/2022869520050774016/vid/avc1/1280x720/Dkw3e0-XRBaVVfo6.mp4?tag=21"
"2022866704204714475","Clavicular DEFENDS Sneako after Andrew Tate DISSED him for dressing up like a girl at a fashion show 😳 https://t.co/mkZnkYDx7w","en","Tweet","Clavicular Updates","Clav0Updates","22117","21","26","1","339","67","2026-02-14 21:52:59","https://x.com/Clav0Updates/status/2022866704204714475","<a href=""http://twitter.com/download/iphone"" rel=""nofollow"">Twitter for iPhone</a>","","","video","https://video.twimg.com/amplify_video/2022866213593133056/vid/avc1/1280x720/Y5L8_pqk8A2IS4KO.mp4?tag=21"
"2022861312523444695","Clavicular goes OFF on model Liv Schmidt for being two faced after she DISSED Andrew Tate despite begging him for a picture earlier 😳 https://t.co/PixPvOLccf","en","Tweet","Clavicular Updates","Clav0Updates","33425","17","27","5","792","139","2026-02-14 21:31:34","https://x.com/Clav0Updates/status/2022861312523444695","<a href=""http://twitter.com/download/iphone"" rel=""nofollow"">Twitter for iPhone</a>","","","video","https://video.twimg.com/amplify_video/2022860430834552832/vid/avc1/1280x720/LCk3d08S4BTfF_ni.mp4?tag=21"
"2022860987322212471","Andrew Tate says the only time he has fun is when he’s MOGGING and promises Clavicular that he’s going to help him MOG the ASU frat leader in every way 😭👀 https://t.co/vdVS9Rpauy","en","Tweet","Clavicular Updates","Clav0Updates","51997","23","31","5","1386","226","2026-02-14 21:30:16","https://x.com/Clav0Updates/status/2022860987322212471","<a href=""http://twitter.com/download/iphone"" rel=""nofollow"">Twitter for iPhone</a>","","","video","https://video.twimg.com/amplify_video/2022860332944007168/vid/avc1/1280x720/weJHzCspkEZG9GbU.mp4?tag=21"
"2022855303637631409","Clavicular gets HARASSED by a political JESTER due to him GAMBLING on stream 😳 https://t.co/Whe2oGEODm","en","Tweet","Clavicular Updates","Clav0Updates","8499","10","2","0","175","21","2026-02-14 21:07:41","https://x.com/Clav0Updates/status/2022855303637631409","<a href=""http://twitter.com/download/iphone"" rel=""nofollow"">Twitter for iPhone</a>","","","video","https://video.twimg.com/amplify_video/2022853992137854976/vid/avc1/1280x720/Mcq44lZHvHPAdxyn.mp4?tag=21"
"2022849757022953681","@Kick_Champ wait until Zeta gets involved...","en","Reply","Clavicular Updates","Clav0Updates","35741","5","1","0","193","4","2026-02-14 20:45:39","https://x.com/Clav0Updates/status/2022849757022953681","<a href=""https://mobile.twitter.com"" rel=""nofollow"">Twitter Web App</a>","","","",""
"2022845537146286163","Clavicular was in absolute SHOCK after encountering a MAX PRESTIGE JESTERGOONER in NYC 😭 https://t.co/iHHSsZM3eT","en","Tweet","Clavicular Updates","Clav0Updates","10251","9","3","0","255","41","2026-02-14 20:28:53","https://x.com/Clav0Updates/status/2022845537146286163","<a href=""http://twitter.com/download/iphone"" rel=""nofollow"">Twitter for iPhone</a>","","","video","https://video.twimg.com/amplify_video/2022844914707447808/vid/avc1/1280x712/xxJtziZTed1qMKpc.mp4?tag=21"
"2022831622240821472","@jt0hny https://t.co/R9XBxky40k","qme","Reply","Clavicular Updates","Clav0Updates","1104","0","0","0","19","0","2026-02-14 19:33:35","https://x.com/Clav0Updates/status/2022831622240821472","<a href=""http://twitter.com/download/iphone"" rel=""nofollow"">Twitter for iPhone</a>","","","animated_gif","https://video.twimg.com/tweet_video/HBKKoyjaoAA3atR.mp4"
"2022830802782896369","Clavicular and his TRUE TYRONE bodyguard Joe just EGOMAXXED a high cortisol jester trying to press them in Times Square 😭👀 https://t.co/YXnmS01mLd","en","Tweet","Clavicular Updates","Clav0Updates","10817","11","3","0","208","30","2026-02-14 19:30:20","https://x.com/Clav0Updates/status/2022830802782896369","<a href=""http://twitter.com/download/iphone"" rel=""nofollow"">Twitter for iPhone</a>","","","video","https://video.twimg.com/amplify_video/2022829826239852545/vid/avc1/1280x720/ZG9J9XBVV5HDkdGE.mp4?tag=21"
"2022826544381546715","Andrew Tate reacts to him &amp; Clavicular being SWATTED while working out 😭 https://t.co/Oc5Uq23eCI","en","Tweet","Clavicular Updates","Clav0Updates","18500","8","5","0","320","22","2026-02-14 19:13:25","https://x.com/Clav0Updates/status/2022826544381546715","<a href=""http://twitter.com/download/iphone"" rel=""nofollow"">Twitter for iPhone</a>","","","photo","https://pbs.twimg.com/media/HBKGBTmbMAADWRB.jpg
https://pbs.twimg.com/media/HBKGBS5WgAAIl45.jpg"
"2022810410328485925","Clavicular &amp; Andrew Tate debate on the importance of LOOKSMAXXING in the modern ages, and how much looks play into attraction compared to money and status 😳👀

“There is no disadvantage to being as good looking as possible” https://t.co/dB8xQ4oFsP","en","Tweet","Clavicular Updates","Clav0Updates","185123","55","128","15","3166","1028","2026-02-14 18:09:18","https://x.com/Clav0Updates/status/2022810410328485925","<a href=""http://twitter.com/download/iphone"" rel=""nofollow"">Twitter for iPhone</a>","","","video","https://video.twimg.com/amplify_video/2022809649133817857/vid/avc1/1280x720/4AEuHt7FHPMfDx4q.mp4?tag=21"
"2022804095040364716","Clavicular gets PRESSED by Andrew Tate for getting FRAMEMOGGED in Arizona &amp; Tate promises to help him get revenge on ASU frat leader 😭👀 https://t.co/OTWkwUbkZo","en","Tweet","Clavicular Updates","Clav0Updates","131891","23","76","16","2176","414","2026-02-14 17:44:12","https://x.com/Clav0Updates/status/2022804095040364716","<a href=""http://twitter.com/download/iphone"" rel=""nofollow"">Twitter for iPhone</a>","","","video","https://video.twimg.com/amplify_video/2022803540700483584/vid/avc1/1280x720/KrgsOL4J0jRPnCy-.mp4?tag=21"
"2022802435723391318","Clavicular reveals he was able to get out of his charges in Arizona because the only law he follows is “Lean is Law” 😭 https://t.co/ppbx8bTjcp","en","Tweet","Clavicular Updates","Clav0Updates","39372","4","43","2","1431","129","2026-02-14 17:37:37","https://x.com/Clav0Updates/status/2022802435723391318","<a href=""http://twitter.com/download/iphone"" rel=""nofollow"">Twitter for iPhone</a>","","","video","https://video.twimg.com/amplify_video/2022801582048317440/vid/avc1/1280x714/1Ol8wbOsIp3ofzwU.mp4?tag=21"
"2022791747554758825","Clavicular says he’s going to continue MODELING after walking for Elena Velez during New York Fashion Week 👀🔥 https://t.co/rebZ7yJ1Mi","en","Tweet","Clavicular Updates","Clav0Updates","8342","6","2","0","229","13","2026-02-14 16:55:08","https://x.com/Clav0Updates/status/2022791747554758825","<a href=""http://twitter.com/download/iphone"" rel=""nofollow"">Twitter for iPhone</a>","","","photo","https://pbs.twimg.com/media/HBJmX57aoAA-3Pv.jpg
https://pbs.twimg.com/media/HBJmX5dXUAA-pNN.jpg"
"2022756687015276954","Clavicular didn’t expect model Liv Schmidt to tell him to RAISE HIS STANDARDS after he said his type is “anything that walks” 😭 https://t.co/2aF3bNn1dT","en","Tweet","Clavicular Updates","Clav0Updates","17355","6","8","0","263","74","2026-02-14 14:35:49","https://x.com/Clav0Updates/status/2022756687015276954","<a href=""http://twitter.com/download/iphone"" rel=""nofollow"">Twitter for iPhone</a>","","","video","https://video.twimg.com/amplify_video/2022756150463311872/vid/avc1/576x578/fKMikIJN4n-v-2kW.mp4?tag=21"
"2022739029138243910","@CheesurUpdate it’s not corny when cheese does it 💔💔","en","Reply","Clavicular Updates","Clav0Updates","348","0","0","0","1","0","2026-02-14 13:25:39","https://x.com/Clav0Updates/status/2022739029138243910","<a href=""http://twitter.com/download/iphone"" rel=""nofollow"">Twitter for iPhone</a>","","","",""
"2022526054196482237","No way Clavicular got completely DANCEMOGGED by the NYC ASIAN MOGGER in a jestermaxxing battle 😳 https://t.co/vM5WOaLBaQ","en","Tweet","Clavicular Updates","Clav0Updates","438311","129","250","70","9477","1193","2026-02-13 23:19:22","https://x.com/Clav0Updates/status/2022526054196482237","<a href=""http://twitter.com/download/iphone"" rel=""nofollow"">Twitter for iPhone</a>","","","video","https://video.twimg.com/amplify_video/2022525249468727296/vid/avc1/1280x720/PWp1GPOv-Py2hLHx.mp4?tag=21"
"2022504302237855879","Clavicular realized he LOVES NYC after getting surrounded by NYC Stacy’s at a party 👀🔥 https://t.co/wousOeO97i","en","Tweet","Clavicular Updates","Clav0Updates","37877","10","14","1","376","72","2026-02-13 21:52:56","https://x.com/Clav0Updates/status/2022504302237855879","<a href=""http://twitter.com/download/iphone"" rel=""nofollow"">Twitter for iPhone</a>","","","video","https://video.twimg.com/amplify_video/2022503756630495232/vid/avc1/720x802/1e9LvXCdt3Df5xz6.mp4?tag=21"
"2022503019636539781","@zakfromdahood https://t.co/5HKZjU3gSW","qme","Reply","Clavicular Updates","Clav0Updates","200","0","0","0","3","0","2026-02-13 21:47:50","https://x.com/Clav0Updates/status/2022503019636539781","<a href=""http://twitter.com/download/iphone"" rel=""nofollow"">Twitter for iPhone</a>","","","animated_gif","https://video.twimg.com/tweet_video/HBFfxmfaAAAsE2p.mp4"
"2022502224317026313","@Sneak0o adapt the lingo unc","en","Reply","Clavicular Updates","Clav0Updates","574","0","1","0","21","0","2026-02-13 21:44:41","https://x.com/Clav0Updates/status/2022502224317026313","<a href=""http://twitter.com/download/iphone"" rel=""nofollow"">Twitter for iPhone</a>","","","",""
"2022481281359966403","Clavicular got PTSD after this JESTER reminded him of the BRUTAL FRAMEMOG from ASU frat leader Varis while he was in NYC 😢💔 https://t.co/WAdXeXvurF","en","Tweet","Clavicular Updates","Clav0Updates","15814","7","8","0","213","29","2026-02-13 20:21:28","https://x.com/Clav0Updates/status/2022481281359966403","<a href=""http://twitter.com/download/iphone"" rel=""nofollow"">Twitter for iPhone</a>","","","video","https://video.twimg.com/amplify_video/2022480567296487424/vid/avc1/1280x720/TZsK2AL3MFbeTy_n.mp4?tag=21"
"2022475718391894349","Clavicular has a Valentine’s day message for Brett Cooper  👀❤️‍🩹 https://t.co/TFzyeBnxh0","en","Tweet","Clavicular Updates","Clav0Updates","60857","30","45","3","1310","241","2026-02-13 19:59:21","https://x.com/Clav0Updates/status/2022475718391894349","<a href=""http://twitter.com/download/iphone"" rel=""nofollow"">Twitter for iPhone</a>","","","video","https://video.twimg.com/amplify_video/2022474932056371200/vid/avc1/1280x720/TeXyjfuCor-GaH9h.mp4?tag=21"
"2022473183564366149","Clavicular DENIES any association with Peter Thiel following allegations that he was being FUNDED by him and his team 😳👀

“We have no affiliation to any of that” https://t.co/0OIwEc4Ybi","en","Tweet","Clavicular Updates","Clav0Updates","12617","13","6","1","266","31","2026-02-13 19:49:17","https://x.com/Clav0Updates/status/2022473183564366149","<a href=""http://twitter.com/download/iphone"" rel=""nofollow"">Twitter for iPhone</a>","","","video","https://video.twimg.com/amplify_video/2022471750391640064/vid/avc1/1280x704/JL7pcpgANBNX0WjM.mp4?tag=21"
"2022465569937850442","Clavicular was in SHAMBLES after getting IQMOGGED and VANTAGEPOINTMOGGED by an NYC philosopher 😭 https://t.co/SCwiQoBdpG","en","Tweet","Clavicular Updates","Clav0Updates","15731","6","14","1","383","67","2026-02-13 19:19:02","https://x.com/Clav0Updates/status/2022465569937850442","<a href=""http://twitter.com/download/iphone"" rel=""nofollow"">Twitter for iPhone</a>","","","video","https://video.twimg.com/amplify_video/2022464798147969024/vid/avc1/1280x720/2FwZrSz-vw2RM-ha.mp4?tag=21"
"2022436781895872897","@MoreCheesur cheese got a tall task ahead of him","en","Reply","Clavicular Updates","Clav0Updates","627","1","0","0","20","0","2026-02-13 17:24:38","https://x.com/Clav0Updates/status/2022436781895872897","<a href=""http://twitter.com/download/iphone"" rel=""nofollow"">Twitter for iPhone</a>","","","",""
"2022428573408395650","@jt0hny https://t.co/WTJ8Qcmkf9","qme","Reply","Clavicular Updates","Clav0Updates","1140","0","0","0","38","0","2026-02-13 16:52:01","https://x.com/Clav0Updates/status/2022428573408395650","<a href=""http://twitter.com/download/iphone"" rel=""nofollow"">Twitter for iPhone</a>","","","animated_gif","https://video.twimg.com/tweet_video/HBEcENMaYAAFw3w.mp4"
"2022423385616322771","Fans are calling Clavicular &amp; model Liv Schmidt the new Plato and Aristotle after their debate on LOOKSMAXXING 👀🔥 https://t.co/e5QUkhWHR5","en","Tweet","Clavicular Updates","Clav0Updates","105083","41","129","11","2797","726","2026-02-13 16:31:24","https://x.com/Clav0Updates/status/2022423385616322771","<a href=""http://twitter.com/download/iphone"" rel=""nofollow"">Twitter for iPhone</a>","","","video","https://video.twimg.com/amplify_video/2022422119229886464/vid/avc1/720x960/QXtUyiGBuz0a5zpU.mp4?tag=21"
"2022400165517443370","No way Clavicular said THIS to model Liv Schmidt’s manager 😳👀 https://t.co/NzV96pI1Bj","en","Tweet","Clavicular Updates","Clav0Updates","12317","5","8","1","216","44","2026-02-13 14:59:08","https://x.com/Clav0Updates/status/2022400165517443370","<a href=""http://twitter.com/download/iphone"" rel=""nofollow"">Twitter for iPhone</a>","","","video","https://video.twimg.com/amplify_video/2022399588611866624/vid/avc1/720x788/7TcLBfe_9P-1kLPY.mp4?tag=21"
"2022363330040729940","Clavicular realizes he can finally FASHIONMOG after being styled at NYFW 👀🔥

“I was wearing under armor sweatpants with dress shirts until like a month ago” https://t.co/mfo8Z8Mpv5","en","Tweet","Clavicular Updates","Clav0Updates","15596","10","6","0","253","27","2026-02-13 12:32:46","https://x.com/Clav0Updates/status/2022363330040729940","<a href=""http://twitter.com/download/iphone"" rel=""nofollow"">Twitter for iPhone</a>","","","video","https://video.twimg.com/amplify_video/2022362606162317313/vid/avc1/720x736/tjqe6iIpv7dHQE53.mp4?tag=21"
"2022350181363335339","@ClavicularNews Chad does what Chad wants","en","Reply","Clavicular Updates","Clav0Updates","6108","2","1","0","103","1","2026-02-13 11:40:31","https://x.com/Clav0Updates/status/2022350181363335339","<a href=""http://twitter.com/download/iphone"" rel=""nofollow"">Twitter for iPhone</a>","","","",""
"2022347721202692598","Clavicular’s Tiktok account has been reinstated after 2 hours 🔥👀 https://t.co/hLcWskIMNL","en","Retweet","Clavicular Updates","Clav0Updates","908390","26","17","19","708","49","2026-02-13 11:30:44","https://x.com/Clav0Updates/status/2022347721202692598","<a href=""http://twitter.com/download/iphone"" rel=""nofollow"">Twitter for iPhone</a>","","","photo","https://pbs.twimg.com/media/HBDSiMzWgAgGsyW.jpg
https://pbs.twimg.com/media/HBDSiNLawAEkAR-.jpg"
"2022348309524807719","https://t.co/6hCydM1mFT","zxx","Reply","Clavicular Updates","Clav0Updates","19311","4","3","0","158","5","2026-02-13 11:33:05","https://x.com/Clav0Updates/status/2022348309524807719","<a href=""http://twitter.com/download/iphone"" rel=""nofollow"">Twitter for iPhone</a>","","https://x.com/clav0updates/status/2022347721202692598?s=46","",""
"2022337519552176369","@neverlie https://t.co/t4zvneNPrt","qme","Reply","Clavicular Updates","Clav0Updates","104","0","0","0","0","0","2026-02-13 10:50:12","https://x.com/Clav0Updates/status/2022337519552176369","<a href=""http://twitter.com/download/iphone"" rel=""nofollow"">Twitter for iPhone</a>","","","animated_gif","https://video.twimg.com/tweet_video/HBDJQO3agAAptkC.mp4"
"2022337169218810022","Tiktok has BANNED Clavicular’s account from the platform 😳💔 https://t.co/UGeaOKXaHR","en","Tweet","Clavicular Updates","Clav0Updates","89337","68","31","9","1376","108","2026-02-13 10:48:49","https://x.com/Clav0Updates/status/2022337169218810022","<a href=""http://twitter.com/download/iphone"" rel=""nofollow"">Twitter for iPhone</a>","","","photo","https://pbs.twimg.com/media/HBDI78wXsAAkH9o.jpg
https://pbs.twimg.com/media/HBDI79TaQAAwrt-.jpg"
"2022336441179836621","@CheesurUpdate genuinely outrageous 😭","en","Reply","Clavicular Updates","Clav0Updates","550","0","0","0","2","0","2026-02-13 10:45:55","https://x.com/Clav0Updates/status/2022336441179836621","<a href=""http://twitter.com/download/iphone"" rel=""nofollow"">Twitter for iPhone</a>","","","",""
"2022203808257126707","@dragomaxxer Common Drago W","en","Reply","Clavicular Updates","Clav0Updates","1843","0","0","0","35","1","2026-02-13 01:58:53","https://x.com/Clav0Updates/status/2022203808257126707","<a href=""http://twitter.com/download/iphone"" rel=""nofollow"">Twitter for iPhone</a>","","","",""
"2022187146170466576","Clavicular got interviewed by Forbes Magazine on stream during New York Fashion Week 🔥 https://t.co/J1XUIS5dNs","en","Tweet","Clavicular Updates","Clav0Updates","12396","13","12","1","243","29","2026-02-13 00:52:40","https://x.com/Clav0Updates/status/2022187146170466576","<a href=""http://twitter.com/download/iphone"" rel=""nofollow"">Twitter for iPhone</a>","","","video","https://video.twimg.com/amplify_video/2022186535576113152/vid/avc1/720x810/E44gFPo-V8CvnrT5.mp4?tag=21"
"2022183369757598033","This girl had the CORTISOL SPIKE of doom and started CRASHING OUT after seeing Clavicular in the club, calling him a racist and a n*zi 😳👀 https://t.co/B7rTZWMEUu","en","Tweet","Clavicular Updates","Clav0Updates","287343","178","135","27","5293","852","2026-02-13 00:37:40","https://x.com/Clav0Updates/status/2022183369757598033","<a href=""http://twitter.com/download/iphone"" rel=""nofollow"">Twitter for iPhone</a>","","","video","https://video.twimg.com/amplify_video/2022182775638401024/vid/avc1/1280x720/_IyPthBkQi6t0UCw.mp4?tag=21"
"2022159508173467878","Clavicular’s best friend Drago reminisces about how far he’s come since the forum days and says it’s very likely Clav will land a modeling deal after this 🔥❤️‍🩹 https://t.co/3LeGdXLiT5","en","Tweet","Clavicular Updates","Clav0Updates","30183","15","14","0","591","85","2026-02-12 23:02:51","https://x.com/Clav0Updates/status/2022159508173467878","<a href=""http://twitter.com/download/iphone"" rel=""nofollow"">Twitter for iPhone</a>","","","video","https://video.twimg.com/amplify_video/2022158544196308992/vid/avc1/1280x720/WtsHbq8sRczfH54e.mp4?tag=21"
"2022155579448569936","@Clavicular0 https://t.co/scVYU1KJhM","qme","Reply","Clavicular Updates","Clav0Updates","11841","0","0","0","99","0","2026-02-12 22:47:14","https://x.com/Clav0Updates/status/2022155579448569936","<a href=""http://twitter.com/download/iphone"" rel=""nofollow"">Twitter for iPhone</a>","","","animated_gif","https://video.twimg.com/tweet_video/HBAjx8DWYAAhvYl.mp4"
"2022153794759594157","@zakfromdahood https://t.co/0mskdOjvvc","qme","Reply","Clavicular Updates","Clav0Updates","5229","2","0","0","62","0","2026-02-12 22:40:09","https://x.com/Clav0Updates/status/2022153794759594157","<a href=""http://twitter.com/download/iphone"" rel=""nofollow"">Twitter for iPhone</a>","","","animated_gif","https://video.twimg.com/tweet_video/HBAiJ-fbsAQAAQ5.mp4"
"2022144987069395363","@Kick_Champ auramogged to oblivion","en","Reply","Clavicular Updates","Clav0Updates","1418","0","2","0","54","0","2026-02-12 22:05:09","https://x.com/Clav0Updates/status/2022144987069395363","<a href=""http://twitter.com/download/iphone"" rel=""nofollow"">Twitter for iPhone</a>","","","",""
"2022144826893021279","Pictures from Clavicular’s walk for Elena Velez during NYFW have surfaced 🔥 https://t.co/AcuIjdYeOH","en","Tweet","Clavicular Updates","Clav0Updates","25033","15","28","10","588","54","2026-02-12 22:04:31","https://x.com/Clav0Updates/status/2022144826893021279","<a href=""http://twitter.com/download/iphone"" rel=""nofollow"">Twitter for iPhone</a>","","","photo","https://pbs.twimg.com/media/HBAaAG7bsAI7jue.jpg
https://pbs.twimg.com/media/HBAaAGhWEAAwC_o.jpg"
"2022134378047091087","@zakfromdahood Auramogged by Clav","it","Reply","Clavicular Updates","Clav0Updates","14897","1","0","0","159","0","2026-02-12 21:22:59","https://x.com/Clav0Updates/status/2022134378047091087","<a href=""http://twitter.com/download/iphone"" rel=""nofollow"">Twitter for iPhone</a>","","","",""
"2022130064012546189","@Kick_Champ Andro avenge Clavicular please","en","Reply","Clavicular Updates","Clav0Updates","37318","3","3","0","652","6","2026-02-12 21:05:51","https://x.com/Clav0Updates/status/2022130064012546189","<a href=""http://twitter.com/download/iphone"" rel=""nofollow"">Twitter for iPhone</a>","","","",""
"2022129229195001956","Clavicular meets Brett Cooper at New York Fashion Week 😭 https://t.co/on7nTsffIO","en","Tweet","Clavicular Updates","Clav0Updates","2216138","201","130","96","4847","1502","2026-02-12 21:02:32","https://x.com/Clav0Updates/status/2022129229195001956","<a href=""http://twitter.com/download/iphone"" rel=""nofollow"">Twitter for iPhone</a>","","","video","https://video.twimg.com/amplify_video/2022128739983773697/vid/avc1/1280x720/EnNCzqsf8l_s3uKo.mp4?tag=21"
"2022125807708373421","HARVARD’S NUMBER 1 RANKED CHAD CLAVICULAR MOGS AT NEW YORK FASHION WEEK🔥https://t.co/G9TN4lKTH1","en","Tweet","Clavicular Updates","Clav0Updates","19231","13","23","1","500","44","2026-02-12 20:48:56","https://x.com/Clav0Updates/status/2022125807708373421","<a href=""http://twitter.com/download/iphone"" rel=""nofollow"">Twitter for iPhone</a>","","","video","https://video.twimg.com/amplify_video/2022125219310448642/vid/avc1/1280x720/ACmW_TlxzgSNE5_B.mp4?tag=21"
"2022103603411136794","Clavicular had to ask the staff at New York Fashion Week if they had a Hammer so he could B*NESMASH before he walked 😭🔨 https://t.co/mwzcrcF9Nc","en","Tweet","Clavicular Updates","Clav0Updates","13696","4","6","1","288","30","2026-02-12 19:20:42","https://x.com/Clav0Updates/status/2022103603411136794","<a href=""http://twitter.com/download/iphone"" rel=""nofollow"">Twitter for iPhone</a>","","","video","https://video.twimg.com/amplify_video/2022102981529714688/vid/avc1/1280x720/mouJTipaw675Qmi6.mp4?tag=21"
"2022102590193127755","Clavicular meets a HARDMAXXED BECKY at New York Fashion Week and starts flaming her 😭 https://t.co/lvJcuSjCuJ","en","Tweet","Clavicular Updates","Clav0Updates","250848","65","42","63","1332","431","2026-02-12 19:16:41","https://x.com/Clav0Updates/status/2022102590193127755","<a href=""http://twitter.com/download/iphone"" rel=""nofollow"">Twitter for iPhone</a>","","","video","https://video.twimg.com/amplify_video/2022100385121628160/vid/avc1/1280x720/sEC5blwFyqemGGRp.mp4?tag=21"
"2022097670182252826","Clavicular got PROMOTED to RANK 1 CHAD by the Harvard Study after MODELMAXXING and walking at New York Fashion Week 👀🔥 https://t.co/wTBfYGyZTt","en","Tweet","Clavicular Updates","Clav0Updates","13776","16","10","0","281","30","2026-02-12 18:57:07","https://x.com/Clav0Updates/status/2022097670182252826","<a href=""http://twitter.com/download/iphone"" rel=""nofollow"">Twitter for iPhone</a>","","","video","https://video.twimg.com/amplify_video/2022097102726115328/vid/avc1/1280x720/YI5Mkt85iWtB5xDC.mp4?tag=21"
"2022089173335941348","Clavicular was in absolute SHOCK after pulling this ALT STACY with the most OUT OF POCKET game 💀👀 https://t.co/aYKUxbAnqZ","en","Tweet","Clavicular Updates","Clav0Updates","34715","8","13","1","589","179","2026-02-12 18:23:22","https://x.com/Clav0Updates/status/2022089173335941348","<a href=""http://twitter.com/download/iphone"" rel=""nofollow"">Twitter for iPhone</a>","","","video","https://video.twimg.com/amplify_video/2022088465488224257/vid/avc1/1280x720/ngkGOnD0mDCQBHWd.mp4?tag=21"
"2022082920161378407","Clavicular FELL IN LOVE with an S-TIER ALT STACY after she started showing off her immense LOOKSMAXXING knowledge 👀❤️‍🩹 https://t.co/Wwiknl2QQg","en","Tweet","Clavicular Updates","Clav0Updates","80967","37","27","4","1307","529","2026-02-12 17:58:31","https://x.com/Clav0Updates/status/2022082920161378407","<a href=""http://twitter.com/download/iphone"" rel=""nofollow"">Twitter for iPhone</a>","","","video","https://video.twimg.com/amplify_video/2022081747434057730/vid/avc1/720x782/jb_a3QxE35KCrpyy.mp4?tag=21"
"2022068702842413096","Clavicular reveals he wants to MODELMAXX for Kai Cenat’s Vivet so much to the point that he wouldn’t charge any money for it 👀

“Can I walk for Vivet? …I’d do it for free” https://t.co/wM9cLQZ8qS","en","Tweet","Clavicular Updates","Clav0Updates","11643","4","8","0","260","24","2026-02-12 17:02:01","https://x.com/Clav0Updates/status/2022068702842413096","<a href=""http://twitter.com/download/iphone"" rel=""nofollow"">Twitter for iPhone</a>","","","video","https://video.twimg.com/amplify_video/2022067966758588416/vid/avc1/1280x720/W19HbmeTO_m0PJre.mp4?tag=21"
"2022065643965849818","Clavicular returns to his home gym to LOCK IN on his physique after getting FRAMEMOGGED by the ASU Frat leader, but quickly realized he was cooked after getting TIRED from just 5 reps 😭💔 https://t.co/UCjnZf5XZf","en","Tweet","Clavicular Updates","Clav0Updates","22188","18","7","1","270","36","2026-02-12 16:49:52","https://x.com/Clav0Updates/status/2022065643965849818","<a href=""http://twitter.com/download/iphone"" rel=""nofollow"">Twitter for iPhone</a>","","","video","https://video.twimg.com/amplify_video/2022065248136736769/vid/avc1/720x756/RSTyfFG_5EBSnk_g.mp4?tag=21"
"2022062769135354070","Clavicular gets EMOTIONAL after returning to his hometown for the first time in years and realizing how far he’s come 🥹❤️‍🩹

“His sister is getting spammed called by her friends to get a hi” https://t.co/9r550gGKBK","en","Tweet","Clavicular Updates","Clav0Updates","33209","11","15","0","604","83","2026-02-12 16:38:26","https://x.com/Clav0Updates/status/2022062769135354070","<a href=""http://twitter.com/download/iphone"" rel=""nofollow"">Twitter for iPhone</a>","","","video","https://video.twimg.com/amplify_video/2022061760581447682/vid/avc1/1280x720/FYkkkpsuxOc1a9Vd.mp4?tag=21"
"2022051287144018248","@Pulcys not a clipfarm btw","en","Reply","Clavicular Updates","Clav0Updates","142","1","0","0","0","0","2026-02-12 15:52:49","https://x.com/Clav0Updates/status/2022051287144018248","<a href=""http://twitter.com/download/iphone"" rel=""nofollow"">Twitter for iPhone</a>","","","",""
"2022038331383853236","Nick Fuentes VIOLATES Brett Cooper and other women for RUINING Clavicular &amp; his terminology 😭

“It’s millennials and women on the timeline, they are out of control… They’re ruining Clavicular for me” 

(Via @RedPillSayian ) https://t.co/HFnAE6mqjO","en","Tweet","Clavicular Updates","Clav0Updates","24625","16","31","3","515","106","2026-02-12 15:01:20","https://x.com/Clav0Updates/status/2022038331383853236","<a href=""http://twitter.com/download/iphone"" rel=""nofollow"">Twitter for iPhone</a>","","","video","https://video.twimg.com/amplify_video/2021802230144544771/vid/avc1/1920x1080/Um2dDveZuKusz_wt.mp4?tag=21"
"2022003193346228355","Fans are RELIEVED after Clavicular LEFT Arizona to avoid getting FRAMEMOGGED again by ASU frat leader Varis 😳👀
 https://t.co/RGwc7NqyoK","en","Tweet","Clavicular Updates","Clav0Updates","882150","40","42","32","1748","203","2026-02-12 12:41:42","https://x.com/Clav0Updates/status/2022003193346228355","<a href=""http://twitter.com/download/iphone"" rel=""nofollow"">Twitter for iPhone</a>","","","video","https://video.twimg.com/amplify_video/2022002206896271363/vid/avc1/1280x640/Ek2jmw4oNBd_WSac.mp4?tag=21"
"2021851296664375500","@HALALK0 my good friend 🔫🔫🔫🔫","en","Reply","Clavicular Updates","Clav0Updates","352","0","0","0","0","0","2026-02-12 02:38:07","https://x.com/Clav0Updates/status/2021851296664375500","<a href=""http://twitter.com/download/iphone"" rel=""nofollow"">Twitter for iPhone</a>","","","",""
"2021826179989143871","@Pulcys Didn’t know Drago felt so deeply about this","en","Reply","Clavicular Updates","Clav0Updates","632","1","0","0","8","0","2026-02-12 00:58:19","https://x.com/Clav0Updates/status/2021826179989143871","<a href=""http://twitter.com/download/iphone"" rel=""nofollow"">Twitter for iPhone</a>","","","",""
"2021816738187264151","@CheesurUpdate ASU Frat leader must be stopped… no way he got the big cheese 😢","en","Reply","Clavicular Updates","Clav0Updates","2050","2","0","0","58","0","2026-02-12 00:20:48","https://x.com/Clav0Updates/status/2021816738187264151","<a href=""http://twitter.com/download/iphone"" rel=""nofollow"">Twitter for iPhone</a>","","","",""
"2021810505745092891","Nick Fuentes starts CRASHING OUT after realizing Clavicular was RIGHT about everything following his criminal charges being dropped 😭

“Clavicular was right about everything… Look at my jester life… talking about politics and the middle east…. This guy just dedicated his life to being handsome, dedicated his life to being better looking and now he has no problems”

(Via @Kaizerrev)","en","Tweet","Clavicular Updates","Clav0Updates","318308","59","162","10","3626","1253","2026-02-11 23:56:02","https://x.com/Clav0Updates/status/2021810505745092891","<a href=""http://twitter.com/download/iphone"" rel=""nofollow"">Twitter for iPhone</a>","","","video","https://video.twimg.com/amplify_video/2021810034242420737/vid/avc1/1920x1080/ywJLgMmCejhXA4rT.mp4?tag=21"
"2021794662097539463","SteveWillDoIt shouts out Clavicular &amp; recalls a story where Clav convinced him NOT to do M*TH 😭

“If you don’t wanna do it, don’t do it because it’s not you…” https://t.co/ie26Ut8vfC","en","Tweet","Clavicular Updates","Clav0Updates","131514","16","25","1","1758","202","2026-02-11 22:53:05","https://x.com/Clav0Updates/status/2021794662097539463","<a href=""http://twitter.com/download/iphone"" rel=""nofollow"">Twitter for iPhone</a>","","","video","https://video.twimg.com/amplify_video/2021793310277267456/vid/avc1/1270x720/wzFCf5viIer3kZuq.mp4?tag=21"
"2021774335795433836","Stable Ronaldo FLAMED Marlon and Silky for FREEZING UP in fear after getting AURAMOGGED and FRAMEMOGGED by Clavicular 😭 

“These two are gonna make fun of me, both of them froze up in front of Clav” https://t.co/EqEktawJq6","en","Tweet","Clavicular Updates","Clav0Updates","49829","20","21","2","1091","176","2026-02-11 21:32:19","https://x.com/Clav0Updates/status/2021774335795433836","<a href=""http://twitter.com/download/iphone"" rel=""nofollow"">Twitter for iPhone</a>","","","video","https://video.twimg.com/amplify_video/2021773472557322240/vid/avc1/1280x720/AQ-PQw08kIWtZxBg.mp4?tag=21"
"2021754919355662764","@MoreCheesur Fs Cheese is the goat","en","Reply","Clavicular Updates","Clav0Updates","345","2","0","0","1","0","2026-02-11 20:15:09","https://x.com/Clav0Updates/status/2021754919355662764","<a href=""http://twitter.com/download/iphone"" rel=""nofollow"">Twitter for iPhone</a>","","","",""
"2021654660990562808","Clavicular reveals that his recent arrest made him LAWYERMAXX and he now has the ‘New York Yankees’ of Lawyers to sue anyone who defames him😳

“There’s a very easy process to get people deplatformed off of Ø/F and similar websites…” https://t.co/4gR6mQlOue","en","Tweet","Clavicular Updates","Clav0Updates","15359","12","11","1","338","45","2026-02-11 13:36:46","https://x.com/Clav0Updates/status/2021654660990562808","<a href=""http://twitter.com/download/iphone"" rel=""nofollow"">Twitter for iPhone</a>","","","video","https://video.twimg.com/amplify_video/2021653609205628928/vid/avc1/720x770/3_v6flk3woGkMYHd.mp4?tag=21"
"2021651905085411515","LTN streamer ‘YourRage’ was absolutely SPEECHLESS after Stable Ronaldo randomly started telling him about Clavicular jestergooning when a group of foids spiked his cortisol level 💀😭👀 https://t.co/yes7LzDMW1","en","Tweet","Clavicular Updates","Clav0Updates","22500","9","10","1","480","91","2026-02-11 13:25:49","https://x.com/Clav0Updates/status/2021651905085411515","<a href=""http://twitter.com/download/iphone"" rel=""nofollow"">Twitter for iPhone</a>","","","video","https://video.twimg.com/amplify_video/2021651445259616257/vid/avc1/980x720/b5FsgNWdAEKerHpB.mp4?tag=21"
"2021634878039830744","@Clavicular0 Chad does what chad wants https://t.co/fAlEFfwbAK","en","Reply","Clavicular Updates","Clav0Updates","15246","7","5","0","316","15","2026-02-11 12:18:09","https://x.com/Clav0Updates/status/2021634878039830744","<a href=""http://twitter.com/download/iphone"" rel=""nofollow"">Twitter for iPhone</a>","","","animated_gif","https://video.twimg.com/tweet_video/HA5KNHFbQAA3sSg.mp4"
"2021621303611191520","Clavicular completely AURAMOGGED Marlon after he froze in fear just from hearing Clavicular’s name 😳👀
 https://t.co/Rr2LmuvcZV","en","Tweet","Clavicular Updates","Clav0Updates","14871","11","18","0","375","44","2026-02-11 11:24:13","https://x.com/Clav0Updates/status/2021621303611191520","<a href=""http://twitter.com/download/iphone"" rel=""nofollow"">Twitter for iPhone</a>","","","video","https://video.twimg.com/amplify_video/2021620394260598792/vid/avc1/956x720/dHd56K_ZauZk4GeC.mp4?tag=21"
"2021598760413847699","Joe Bernstein from the New York Times reports that Clavicular’s two felony charges and one misdemeanor charge have been DROPPED 😳🚨 https://t.co/fXQMPirKlP","en","Tweet","Clavicular Updates","Clav0Updates","312252","149","98","46","2791","184","2026-02-11 09:54:38","https://x.com/Clav0Updates/status/2021598760413847699","<a href=""http://twitter.com/download/iphone"" rel=""nofollow"">Twitter for iPhone</a>","","","photo","https://pbs.twimg.com/media/HA4pW1QXkAA_ONe.jpg
https://pbs.twimg.com/media/HA4pW1racAAAUqf.jpg"
"2021592691058892809","Clavicular was DEPRESSED after ASU frat leader Varis FRAMEMOGGED him to oblivion with no effort 😮💔
 https://t.co/Hn3pbk2TWk","en","Tweet","Clavicular Updates","Clav0Updates","19285","12","16","2","467","69","2026-02-11 09:30:31","https://x.com/Clav0Updates/status/2021592691058892809","<a href=""http://twitter.com/download/iphone"" rel=""nofollow"">Twitter for iPhone</a>","","","video","https://video.twimg.com/amplify_video/2021591855767687168/vid/avc1/540x510/i2Fu6TQ4lYFEmPBd.mp4?tag=21"
"2021589619683229928","@dragomaxxer @iCheesur W CHEESE","en","Reply","Clavicular Updates","Clav0Updates","114","0","0","0","1","0","2026-02-11 09:18:19","https://x.com/Clav0Updates/status/2021589619683229928","<a href=""http://twitter.com/download/iphone"" rel=""nofollow"">Twitter for iPhone</a>","","","",""
"2021453185295299029","Clavicular CRASHES OUT on sub 3 cu*k Piers Morgan after he started talking about ‘mogging’

“what do you think of this word? …mogging” 

“you wouldn’t know motherf*cker” https://t.co/lx3fzoYlNL","en","Tweet","Clavicular Updates","Clav0Updates","127198","23","41","2","1382","344","2026-02-11 00:16:10","https://x.com/Clav0Updates/status/2021453185295299029","<a href=""http://twitter.com/download/iphone"" rel=""nofollow"">Twitter for iPhone</a>","","","video","https://video.twimg.com/amplify_video/2021450453158924289/vid/avc1/1280x720/MEgOj6tFBe73IZG8.mp4?tag=21"
"2021450635590451474","@jt0hny Is brett cooper in the comm??","en","Reply","Clavicular Updates","Clav0Updates","1200","0","0","0","22","0","2026-02-11 00:06:02","https://x.com/Clav0Updates/status/2021450635590451474","<a href=""http://twitter.com/download/iphone"" rel=""nofollow"">Twitter for iPhone</a>","","","",""
"2021437624188358684","Clavicular says he’s NEVER heard of irrelevant sub-5 Twitch streamer ‘JasonTheWeen’ in his entire life 😳

“I’ve never seen one clip of JasonTheWeen besides when he was sitting next to Mr. Beast” https://t.co/1ya6kKOor1","en","Tweet","Clavicular Updates","Clav0Updates","21249","12","3","0","334","39","2026-02-10 23:14:20","https://x.com/Clav0Updates/status/2021437624188358684","<a href=""http://twitter.com/download/iphone"" rel=""nofollow"">Twitter for iPhone</a>","","","video","https://video.twimg.com/amplify_video/2021436133864001536/vid/avc1/1280x720/wJXStU9BmDx-Njsc.mp4?tag=21"
"2021421372371763286","Vitaly called Clavicular &amp; gave him some words of advice following his arrest 🥹❤️‍🩹

“I just wanted to tell you to keep your head up, You’ll get out of it faster than you think…. just know you have a bigger picture coming your way” https://t.co/yy8k5Dd3Ef","en","Tweet","Clavicular Updates","Clav0Updates","8574","6","3","1","131","21","2026-02-10 22:09:46","https://x.com/Clav0Updates/status/2021421372371763286","<a href=""http://twitter.com/download/iphone"" rel=""nofollow"">Twitter for iPhone</a>","","","video","https://video.twimg.com/amplify_video/2021420276152664065/vid/avc1/1280x720/esgy8-62kMDlphQd.mp4?tag=21"
"2021416729549983940","@CheesurUpdate he can’t continue doing this…","en","Reply","Clavicular Updates","Clav0Updates","852","0","0","0","10","0","2026-02-10 21:51:19","https://x.com/Clav0Updates/status/2021416729549983940","<a href=""http://twitter.com/download/iphone"" rel=""nofollow"">Twitter for iPhone</a>","","","",""
"2021415310654570810","Clavicular immediately REGRETTED shouting Cheesur out on the New York Times &amp; says he will now be testifying against Cheesur for his alleged involvement with Jeffery Epstein 😳

“I’ll testify against this guy… just get him locked up”  https://t.co/55DvlHM1zP","en","Tweet","Clavicular Updates","Clav0Updates","20807","6","4","0","309","59","2026-02-10 21:45:40","https://x.com/Clav0Updates/status/2021415310654570810","<a href=""http://twitter.com/download/iphone"" rel=""nofollow"">Twitter for iPhone</a>","","","video","https://video.twimg.com/amplify_video/2021414315585306625/vid/avc1/1280x720/TSrd1gGso1fSQBe8.mp4?tag=21"
"2021412214981492903","Clavicular responds to Stable Ronaldo SHOUTING HIM OUT following his recent franemogging incident 👀

“It’s probably becoming too annoying for twitch streamers to try their absolute hardest to ignore my clips” https://t.co/xU35DoDoXO","en","Tweet","Clavicular Updates","Clav0Updates","50984","10","12","1","734","89","2026-02-10 21:33:22","https://x.com/Clav0Updates/status/2021412214981492903","<a href=""http://twitter.com/download/iphone"" rel=""nofollow"">Twitter for iPhone</a>","","","video","https://video.twimg.com/amplify_video/2021411335544950784/vid/avc1/1280x720/AlfSv_qgB5JkMpOm.mp4?tag=21"
"2021410527084412984","Clavicular BANS a police officer from his kick chat after finding out he was trying to ARRESTMAXX him 😭 https://t.co/cwpNUXHe8q","en","Tweet","Clavicular Updates","Clav0Updates","51953","18","49","0","1826","149","2026-02-10 21:26:40","https://x.com/Clav0Updates/status/2021410527084412984","<a href=""http://twitter.com/download/iphone"" rel=""nofollow"">Twitter for iPhone</a>","","","video","https://video.twimg.com/amplify_video/2021409864011087887/vid/avc1/1280x720/uwAxvQFhuNdxq3HS.mp4?tag=21"
"2021390587228979617","@MoreCheesur why’s he’s airing the big cheese","en","Reply","Clavicular Updates","Clav0Updates","254","0","0","0","1","0","2026-02-10 20:07:26","https://x.com/Clav0Updates/status/2021390587228979617","<a href=""http://twitter.com/download/iphone"" rel=""nofollow"">Twitter for iPhone</a>","","","",""
"2021349538406314318","Clavicular was STUNNED after finding out a 17 year old UNKNOWN SLAYER only gets with ASU Stacy’s that are older than him 🔥👀 https://t.co/zI7UcMpNqO","en","Tweet","Clavicular Updates","Clav0Updates","20588","9","7","3","169","38","2026-02-10 17:24:19","https://x.com/Clav0Updates/status/2021349538406314318","<a href=""http://twitter.com/download/iphone"" rel=""nofollow"">Twitter for iPhone</a>","","","video","https://video.twimg.com/amplify_video/2021348956576608256/vid/avc1/576x504/ULbbd7ExPIT6WJ7P.mp4?tag=21"
"2021343030800969959","@Pulcys https://t.co/pEbYl4Bzkv","qme","Reply","Clavicular Updates","Clav0Updates","156","0","0","0","2","0","2026-02-10 16:58:27","https://x.com/Clav0Updates/status/2021343030800969959","<a href=""http://twitter.com/download/iphone"" rel=""nofollow"">Twitter for iPhone</a>","","","animated_gif","https://video.twimg.com/tweet_video/HA1AxVUXIAAL5w9.mp4"
"2021335810763870337","Credit @NoahFenceMate /TT","fr","Reply","Clavicular Updates","Clav0Updates","5343","0","0","0","6","0","2026-02-10 16:29:46","https://x.com/Clav0Updates/status/2021335810763870337","<a href=""http://twitter.com/download/iphone"" rel=""nofollow"">Twitter for iPhone</a>","","","",""
"2021275116441616681","The public was in SHAMBLES while reacting to Clavicular getting brutally framemogged by ASU Frat Leader Varis 💔 https://t.co/vqYDXUJsOS","en","Tweet","Clavicular Updates","Clav0Updates","168268","53","152","17","3780","696","2026-02-10 12:28:35","https://x.com/Clav0Updates/status/2021275116441616681","<a href=""http://twitter.com/download/iphone"" rel=""nofollow"">Twitter for iPhone</a>","","","video","https://video.twimg.com/amplify_video/2021272679979032576/vid/avc1/720x944/UjYaRgXISxRtw7mn.mp4?tag=21"
"2021228214249525383","Clavicular proved he ONLY cares about LOOKSMAXXING after he didn’t know what the state of Oregon was 😭💔 https://t.co/3Qr3YXjLte","en","Tweet","Clavicular Updates","Clav0Updates","32320","23","23","5","628","119","2026-02-10 09:22:13","https://x.com/Clav0Updates/status/2021228214249525383","<a href=""http://twitter.com/download/iphone"" rel=""nofollow"">Twitter for iPhone</a>","","","video","https://video.twimg.com/amplify_video/2021227621821063169/vid/avc1/576x568/GbWxYz8DK8ZbW1cj.mp4?tag=21"
"2021068925023420580","@CheesurUpdate damn he gotta put some respect on the big cheese","en","Reply","Clavicular Updates","Clav0Updates","679","0","0","0","14","0","2026-02-09 22:49:16","https://x.com/Clav0Updates/status/2021068925023420580","<a href=""http://twitter.com/download/iphone"" rel=""nofollow"">Twitter for iPhone</a>","","","",""
"2021029866615775320","Clavicular was NOT having it after being offered $100 to rate a girl 😭 https://t.co/t6m4Ucluxk","en","Tweet","Clavicular Updates","Clav0Updates","14845","17","5","0","190","23","2026-02-09 20:14:03","https://x.com/Clav0Updates/status/2021029866615775320","<a href=""http://twitter.com/download/iphone"" rel=""nofollow"">Twitter for iPhone</a>","","","video","https://video.twimg.com/amplify_video/2021023708840853510/vid/avc1/576x636/JRmX2ZOrKP23flde.mp4?tag=21"
"2021021806417805538","@MoreCheesur W Cheese as always","en","Reply","Clavicular Updates","Clav0Updates","418","0","0","0","11","0","2026-02-09 19:42:02","https://x.com/Clav0Updates/status/2021021806417805538","<a href=""http://twitter.com/download/iphone"" rel=""nofollow"">Twitter for iPhone</a>","","","",""
"2021019806137241726","ASU frat leader Varis has a MESSAGE for Clavicular after brutally framemogging him 😳🚨 https://t.co/gcDLk7zKAh","en","Tweet","Clavicular Updates","Clav0Updates","151858","61","61","19","1996","438","2026-02-09 19:34:05","https://x.com/Clav0Updates/status/2021019806137241726","<a href=""http://twitter.com/download/iphone"" rel=""nofollow"">Twitter for iPhone</a>","","","video","https://video.twimg.com/amplify_video/2021019223355428864/vid/avc1/576x662/RhlpqnHpboN0GCUj.mp4?tag=21"
"2020999613822775599","Clavicular says that unless you’re on a sports program or in a fraternity your social life in college is COOKED 👀 https://t.co/8GTFvLCJG4","en","Tweet","Clavicular Updates","Clav0Updates","251624","66","43","18","1619","331","2026-02-09 18:13:50","https://x.com/Clav0Updates/status/2020999613822775599","<a href=""http://twitter.com/download/iphone"" rel=""nofollow"">Twitter for iPhone</a>","","","video","https://video.twimg.com/amplify_video/2020998398388703232/vid/avc1/816x720/EhnYvm0NpePYXerl.mp4?tag=21"
"2020985826755182674","@veizau W Train ❤️","en","Reply","Clavicular Updates","Clav0Updates","517","0","0","0","7","0","2026-02-09 17:19:03","https://x.com/Clav0Updates/status/2020985826755182674","<a href=""http://twitter.com/download/iphone"" rel=""nofollow"">Twitter for iPhone</a>","","","",""
"2020966385258737843","Clavicular GOES OFF on fans trying to spread hate on JasonTheWeen for CRYING on stream following rumors that Sakura CHEATED on him, leading to their breakup 💔 

“I feel bad for the guy… I don’t think it’s cool to get on these people and spam keks and make fun of the guy… It’s a perfectly normal reaction”","en","Tweet","Clavicular Updates","Clav0Updates","19789","10","3","1","299","39","2026-02-09 16:01:48","https://x.com/Clav0Updates/status/2020966385258737843","<a href=""http://twitter.com/download/iphone"" rel=""nofollow"">Twitter for iPhone</a>","","","video","https://video.twimg.com/amplify_video/2020966268820410368/vid/avc1/1572x882/rMiA1eyEtVrj51_U.mp4?tag=21"
"2020910497928040628","@dragomaxxer Road to 1K viewers 🔥","en","Reply","Clavicular Updates","Clav0Updates","778","0","0","0","15","0","2026-02-09 12:19:44","https://x.com/Clav0Updates/status/2020910497928040628","<a href=""http://twitter.com/download/iphone"" rel=""nofollow"">Twitter for iPhone</a>","","","",""
"2020714350579990850","Clavicular had to END STREAM due to complications in his legal situation 😳

“I need to talk to more lawyers and figure out what content I can make… If I f*ck up one time even on a desktop stream, the cops will be arresting me within 10 minutes”  https://t.co/0yJuYnGZmH","en","Tweet","Clavicular Updates","Clav0Updates","1101411","53","29","30","2186","349","2026-02-08 23:20:18","https://x.com/Clav0Updates/status/2020714350579990850","<a href=""http://twitter.com/download/iphone"" rel=""nofollow"">Twitter for iPhone</a>","","","video","https://video.twimg.com/amplify_video/2020712921500893184/vid/avc1/1280x720/-khaWyaFwWEzcqZD.mp4?tag=21"
"2020706833829437464","@Goatedko1 W Moody family!","en","Reply","Clavicular Updates","Clav0Updates","284","0","0","0","7","0","2026-02-08 22:50:26","https://x.com/Clav0Updates/status/2020706833829437464","<a href=""http://twitter.com/download/iphone"" rel=""nofollow"">Twitter for iPhone</a>","","","",""
"2020706725427634297","Clavicular says he has managed to keep his cortisol low but his legal situation is serious 😳👀 https://t.co/YkG17Hjop1","en","Tweet","Clavicular Updates","Clav0Updates","12392","5","6","0","192","23","2026-02-08 22:50:00","https://x.com/Clav0Updates/status/2020706725427634297","<a href=""http://twitter.com/download/iphone"" rel=""nofollow"">Twitter for iPhone</a>","","","video","https://video.twimg.com/amplify_video/2020694808180977664/vid/avc1/1280x720/teJweXc3gYjYLEZy.mp4?tag=21"
"2020706155635568842","Clavicular reacts to his cameraman Brock jestermaxxing on a KAI CENAT stream 😭 

“What a jestermaxx” https://t.co/ZwK3vScKxx","en","Tweet","Clavicular Updates","Clav0Updates","10124","1","3","0","104","19","2026-02-08 22:47:45","https://x.com/Clav0Updates/status/2020706155635568842","<a href=""http://twitter.com/download/iphone"" rel=""nofollow"">Twitter for iPhone</a>","","","video","https://video.twimg.com/amplify_video/2020704989249679360/vid/avc1/1280x720/uiOsPKVOvnrjDPQy.mp4?tag=21"
"2020703667645780154","Clavicular says he can’t say the N-WORD due to legal reasons related to his recent arrest 😳 https://t.co/pfB2FtHbv7","en","Tweet","Clavicular Updates","Clav0Updates","17146","10","7","0","337","48","2026-02-08 22:37:51","https://x.com/Clav0Updates/status/2020703667645780154","<a href=""http://twitter.com/download/iphone"" rel=""nofollow"">Twitter for iPhone</a>","","","video","https://video.twimg.com/amplify_video/2020703082322042880/vid/avc1/1280x720/MxwDnmlf8KPtOPJ5.mp4?tag=21"
"2020702089207558495","@veizau Clav is an understanding guy","en","Reply","Clavicular Updates","Clav0Updates","42347","1","0","0","172","3","2026-02-08 22:31:35","https://x.com/Clav0Updates/status/2020702089207558495","<a href=""http://twitter.com/download/iphone"" rel=""nofollow"">Twitter for iPhone</a>","","","",""
"2020698261003354182","Clavicular says he had the CORTISOL SPIKE of doom &amp; despair after Burger King put CHEESE on his burger when he left jail 😭 https://t.co/5cgFAGEU4C","en","Tweet","Clavicular Updates","Clav0Updates","21062","23","16","2","492","72","2026-02-08 22:16:22","https://x.com/Clav0Updates/status/2020698261003354182","<a href=""http://twitter.com/download/iphone"" rel=""nofollow"">Twitter for iPhone</a>","","","video","https://video.twimg.com/amplify_video/2020697471308144640/vid/avc1/720x774/uAwtI2iChR4SPppX.mp4?tag=21"
"2020697816537182569","Clavicular GOES OFF on tiktokker Noah Glenn Carter for constantly trying to critique him when he used to be a fan asking for looksmaxxing tips 😳👀 https://t.co/ywnzVC4nQ2","en","Tweet","Clavicular Updates","Clav0Updates","11984","3","2","0","186","29","2026-02-08 22:14:36","https://x.com/Clav0Updates/status/2020697816537182569","<a href=""http://twitter.com/download/iphone"" rel=""nofollow"">Twitter for iPhone</a>","","","video","https://video.twimg.com/amplify_video/2020696860827209728/vid/avc1/1280x720/qO2VPEpnyTuFPHGN.mp4?tag=21"
"2020695053350719901","@Pulcys https://t.co/nPCyH0keHt","qme","Reply","Clavicular Updates","Clav0Updates","122","1","0","0","1","0","2026-02-08 22:03:38","https://x.com/Clav0Updates/status/2020695053350719901","<a href=""http://twitter.com/download/iphone"" rel=""nofollow"">Twitter for iPhone</a>","","","animated_gif","https://video.twimg.com/tweet_video/HArzcHhWwAA8Vk7.mp4"
"2020694296073282019","Clavicular shouts out the Moody family for helping him get legal help while he was in jail 🙏❤️‍🩹 https://t.co/Hfp7TK6wBt","en","Tweet","Clavicular Updates","Clav0Updates","16877","7","13","1","364","47","2026-02-08 22:00:37","https://x.com/Clav0Updates/status/2020694296073282019","<a href=""http://twitter.com/download/iphone"" rel=""nofollow"">Twitter for iPhone</a>","","","video","https://video.twimg.com/amplify_video/2020693809865326592/vid/avc1/1280x720/DA7qoPWrXDJnoJzr.mp4?tag=21"
"2020693344830271621","Clavicular goes live with Tee Grizzley’s ‘First Day Out’ playing &amp; addresses his recent arrest on live 😳👀 https://t.co/2iIQcAYFJP","en","Tweet","Clavicular Updates","Clav0Updates","6254","0","3","0","66","12","2026-02-08 21:56:50","https://x.com/Clav0Updates/status/2020693344830271621","<a href=""http://twitter.com/download/iphone"" rel=""nofollow"">Twitter for iPhone</a>","","","video","https://video.twimg.com/amplify_video/2020692842868359168/vid/avc1/1280x720/HhE5Hn3CijyUWh1_.mp4?tag=21"
